"DESCRIPTION","DURATION IN MS","NAME","PARENT SUITE","START TIME","STATUS","STOP TIME","SUB SUITE","SUITE","TEST CLASS","TEST METHOD"
"","1009","4. Handle a ticket number that does not exist","chromium","2026-10-02","passed","2026-10-02","Real API customer scenarios @real_api","real-api\customer-queue-real-api.spec.ts","",""
"","954","6. Data Driven Branch/Service Combination: san-francisco-real-id","chromium","2026-10-02","passed","2026-10-02","Real API customer scenarios @real_api","real-api\customer-queue-real-api.spec.ts","",""
"","1213","Look up an existing ticket and review its queue status","chromium","2026-10-02","passed","2026-10-02","Customer Queue Operations @mock_api","customer-queue-operations\status-and-validation.spec.ts","",""
"","2371","Join a queue with a selected branch and service","chromium","2026-10-02","passed","2026-10-02","Customer Queue Operations @mock_api","customer-queue-operations\join-queue.spec.ts","",""
"","924","san-francisco-id-card","chromium","2026-10-02","passed","2026-10-02","Data-driven branch/service combinations @mock_api","customer-queue-operations\branch-service-combinations.spec.ts","",""
"","2025","san-francisco-driver-license-renewal","chromium","2026-10-02","passed","2026-10-02","Data-driven branch/service combinations @mock_api","customer-queue-operations\branch-service-combinations.spec.ts","",""
"","885","6. Data Driven Branch/Service Combination: san-francisco-vehicle-registration-renewal","chromium","2026-10-02","passed","2026-10-02","Real API customer scenarios @real_api","real-api\customer-queue-real-api.spec.ts","",""
"","1035","san-francisco-real-id","chromium","2026-10-02","passed","2026-10-02","Data-driven branch/service combinations @mock_api","customer-queue-operations\branch-service-combinations.spec.ts","",""
"","1104","2. Prevent ticket requests when required selections are missing","chromium","2026-10-02","passed","2026-10-02","Real API customer scenarios @real_api","real-api\customer-queue-real-api.spec.ts","",""
"","399","seed","chromium","2026-10-02","passed","2026-10-02","Test group","seed.spec.ts","",""
"","893","6. Data Driven Branch/Service Combination: san-francisco-new-vehicle-registration","chromium","2026-10-02","passed","2026-10-02","Real API customer scenarios @real_api","real-api\customer-queue-real-api.spec.ts","",""
"","1118","5. Control automatic status refresh and continue manual lookup","chromium","2026-10-02","passed","2026-10-02","Real API customer scenarios @real_api","real-api\customer-queue-real-api.spec.ts","",""
"","1128","san-francisco-new-vehicle-registration","chromium","2026-10-02","passed","2026-10-02","Data-driven branch/service combinations @mock_api","customer-queue-operations\branch-service-combinations.spec.ts","",""
"","1296","Control automatic status refresh and continue manual lookup","chromium","2026-10-02","passed","2026-10-02","Customer Queue Operations @mock_api","customer-queue-operations\status-and-validation.spec.ts","",""
"","1036","Handle a ticket number that does not exist","chromium","2026-10-02","passed","2026-10-02","Customer Queue Operations @mock_api","customer-queue-operations\status-and-validation.spec.ts","",""
"","1015","3. Look up an existing ticket and review its queue status","chromium","2026-10-02","passed","2026-10-02","Real API customer scenarios @real_api","real-api\customer-queue-real-api.spec.ts","",""
"","1905","Prevent ticket requests when required selections are missing","chromium","2026-10-02","passed","2026-10-02","Customer Queue Operations @mock_api","customer-queue-operations\status-and-validation.spec.ts","",""
"","1882","Show an API error when ticket creation fails","chromium","2026-10-02","passed","2026-10-02","Join queue error handling @mock_api","customer-queue-operations\join-queue-error.spec.ts","",""
"","993","6. Data Driven Branch/Service Combination: san-francisco-driver-license-renewal","chromium","2026-10-02","passed","2026-10-02","Real API customer scenarios @real_api","real-api\customer-queue-real-api.spec.ts","",""
"","881","6. Data Driven Branch/Service Combination: san-francisco-id-card","chromium","2026-10-02","passed","2026-10-02","Real API customer scenarios @real_api","real-api\customer-queue-real-api.spec.ts","",""
"","885","6. Data Driven Branch/Service Combination: san-francisco-new-driver-license","chromium","2026-10-02","passed","2026-10-02","Real API customer scenarios @real_api","real-api\customer-queue-real-api.spec.ts","",""
"","1144","san-francisco-vehicle-registration-renewal","chromium","2026-10-02","passed","2026-10-02","Data-driven branch/service combinations @mock_api","customer-queue-operations\branch-service-combinations.spec.ts","",""
"","1271","san-francisco-new-driver-license","chromium","2026-10-02","passed","2026-10-02","Data-driven branch/service combinations @mock_api","customer-queue-operations\branch-service-combinations.spec.ts","",""
"","2271","1. Join a queue with a selected branch and service","chromium","2026-10-02","passed","2026-10-02","Real API customer scenarios @real_api","real-api\customer-queue-real-api.spec.ts","",""
